<?xml version="1.0" encoding="UTF-8"?>
<users xmlns="http://wsd.com/assignment2" 
	xmlns:xsi="http://www.w3.org/2001/XMLSchema-instance"
	xsi:schemaLocation="http://wsd.com/assignment2 users.xsd">
	
	<user>
		<username>John</username>
		<password>12345678</password>
	</user>
	<user>
		<username>Brodie</username>
		<password>hello123</password>
	</user>
	<user>
		<username>Zoe</username>
		<password>d0gsArecoo1</password>
	</user>
	<user>
		<username>Tiarne</username>
		<password>CakesAreTasty</password>
	</user>
</users>
